{"x": 811.1199999999276, "y": 176.00799999999998}